Nama Produk,Harga Produk,Penjual,Kota,Terjual,Rating
"Seblak Instan Paket 10pcs (10 Bungkus) Khas Bandung, Raos Pisan",25999.0,mamah mbi,Kab. Garut,100.0,4.5
Mama Fuji - SEBLAK INSTAN Food Noodles,26999.0,Mama Fuji Real,Tangerang,2000.0,4.8
Seblak Rafael/Seblak Coet Instan Halal,26600.0,Foodstocks,Jakarta Selatan,1000.0,4.9
Kylafood Seblak Rempah Autentik,13000.0,Kylafood Jakarta,Jakarta Selatan,250.0,5.0
SEBLAK CAMPUR - SEBLAK MIX 500gr ANEKA KERUPIK SEBLAK BETON/SEBLAK ASBES/SEBLAK SISIR/SEBLAK KERUPUK RAFAEL - RENYAH PEDAS,13450.0,Aneka Snack & Food,Kab.Ciamis,10000.0,4.7
PAKET MIX  TOPING SEBLAK ISI 5 TOPING LENGKAP,60750.0,mamah mbi,Kab. Garut,50.0,4.5
Seblak Instan Garut 1bungkus dengan Bumbu dan Sambal Khas Pedas Kuah Bawang Noodles - Food,2600.0,asaan16,Kab. Garut,750.0,4.7
SEBLAK INSTAN MURAH VIRAL OMAHKOPI 33 - Pedas & Food,12000.0,omahkopi33,Semarang,2.0,3.0
SEBLAK INSTAN MOMMY,14900.0,Rav Jaya Display,Kab. Tangerang,1000.0,4.8
paket termurah isi 10 bungkus seblak OMA RR nstan Pedas Makanan Instan Food,29555.0,SNACK OMA RR,Kab. Garut,6000.0,4.8
Seblak Rempah Autentik isi 5 pcs,63000.0,Kylafood Jakarta,Jakarta Selatan,100.0,4.9
kerupuk seblak mentah 1kg & toping seblak_ boci,21000.0,sentral seblak & cuanki,Kab. Tangerang,1000.0,4.8
1 BUNGKUS SEBLAK INSTAN LEVEL PEDAS SAMBAL ASLI EKONOMIS FOOD KALDU Makaroni Jamur,7999.0,GUDANG SNACK TGR,Kab. Tangerang,5000.0,4.7
SEBLAK JELETET MURNI (AJAHH),26500.0,Seblak Jeletet Murni,Jakarta Pusat,1000.0,4.9
Kylafood Seblak Rempah Autentik isi (10pcs),140000.0,Kylafood,Bandung,100.0,4.8
Seblak campur Original 500 gram,21000.0,Cemilan Cepiah,Kab. Bandung,4000.0,4.7
Seblak Mix Sagala Aya Ratubasreng 500 Gram Pedas Daun Jeruk - Camilan/Lauk Pauk - Kerupuk,20000.0,Ratubasreng91,Kab. Bandung,100000.0,4.8
Seblak instan komplit / seblak instan murah,3500.0,baci lada,Kab. Bandung,1000.0,4.7
seblak instant sajodo snak,18950.0,Hikmah berkah jaya,Jakarta Barat,1000.0,4.8
Seblak Instant Gurih dan Renyah,3799.0,Nataken_NEW,Surabaya,100.0,3.0
Seblak Instan Ceu Nthien Khas Bandung Rasana Ngeunah Pisan,17000.0,Central Seblak Nusantara,Tangerang Selatan,3000.0,4.9
Seblak Instan Viral Extra Pedas All Varian Khas Jawa Barat Best Seller,20900.0,GERAISNACK.ID,Kab. Tangerang,40.0,5.0
Seblak Instan Komplit Pedas Gurih Nikmat,5999.0,Dian Garut,Kab. Garut,3000.0,4.9
Seblak lengkap murah,10599.0,Pebiie93,Jakarta Timur,250.0,5.0
SEBLAK INSTAN PEDAS DAN GURIH,4599.0,Indhymarket,Depok,80.0,5.0
Seblak Campur Pedas / Basreng/ Kerupuk jengkol/Makaroni/Pedo/Beton/Kerupuk mix 500 gram,20999.0,Cemilan Cepiah,Kab. Bandung,100000.0,4.7
READY Seblak Coet Instan/Seblak Rafael Instan/Seblak Rafael Kekinian/Seblak Instan/Seblak Kekinian,5900.0,NG2shop,Jakarta Utara,24.0,4.7
Seblak Djadoel Kerupuk Kemplang ( Makanan Pedas / Instan Food ),10000.0,Warung DeAng,Kab. Garut,10000.0,4.7
11 BUNGKUS SEBLAK PAKET RESELLER,39000.0,Globalcookwarep,Tangerang,100.0,4.7
SEBLAK JELETET MURNI ( BOHAYY),34000.0,Seblak Jeletet Murni,Jakarta Pusat,750.0,4.8
Seblak kering kerupuk warna pedas daun jeruk isi 500 gram Cemilan Snacks,20000.0,Ratubasreng91,Kab. Bandung,100000.0,4.8
Seblak Instan Sehati,15000.0,Kartika Sari Bakery,Bandung,750.0,5.0
"Seblak Sarjana SH, Seblak babangi dengan tekstur Udon Instan Pedas Food Makanan",16949.0,Seblak Sarjana SH,Bandung,100.0,4.7
seblak instan,20000.0,Kunbeeshop,Bandung,250.0,5.0
seblak mix pedas sedang daun jeruk  kemasan 250 gram Cemilan Keripik Kering Snacks Food,9000.0,ngalada id,Kab. Bandung,100.0,5.0
seblak instan paket 31.000 isi 12 bungkus (free bumbu) langsung kirim best seller (HALAL),31000.0,ayangkids.store,Kab. Bandung,13.0,3.0
Seblak Kuah Asam Manis Kemasan Instan Tehnina,21000.0,Seblak Teh Nina,Kab. Karawang,10000.0,4.8
Kylafood Paket Seblak Cup isi 10 PCS Instan Pedas,169000.0,Kylafood,Bandung,100.0,4.8
Agen Seblak Mommy,9999.0,Kenal Jaya_NEW,Bandung,4000.0,4.9
SEBLAK MAMANG RAFAEL ORIGINAL 100 % HALAL ENAAAAKK VIRAAALLLL Bawang Instan Pedas,35000.0,Beauty Deluxe,Jakarta Barat,100.0,4.7
Paket Usaha Seblak Beli 1 Dapat 10 Seblak Komplit,19500.0,miss risol,Tangerang,4.0,3.0
Hayang Seblak Instan Pedas Gurih Alami Sambal Asli Premium 1 Bungkus,17000.0,Hayang Seblak,Kab. Cirebon,500.0,4.6
(PROMO) 10PCS SEBLAK MIX murah isi banyak gratis ongkir,20000.0,m2rashop,Kab. Bandung,4.0,3.0
[TERMURAH!!] Seblak Instant Basranger Extra Pedas 200gram,14500.0,dunia.cemilan.ducem,Bandung,100.0,4.9
SMR Paket Puas - (Bundling 5) Seblak Mamang Rafael Instan,100000.0,Seblak mamang rafael_NEW,Kab. Garut,500.0,4.9
Kylafood Seblak Varian kwetiau - Pedas dan Instan,23500.0,Kylafood,Bandung,5000.0,4.9
SEBLAK CAMPUR 500gram SEBLAK MIX [SEBLAK BETON - SEBLAK JENGKOL ASBES - SEBLAK SISIR - SEBLAK KERUPUK RAFAEL] PEDAS RENYAH JAGO NGEMIL,13450.0,Jago Ngemil,Kab.Ciamis,4000.0,4.8
SEBLAK JELETET MURNI (UNYUU),26500.0,Seblak Jeletet Murni,Jakarta Pusat,500.0,4.9
Seblak instan,12500.0,Ghery Durian Shop,Jakarta Timur,100.0,4.9
PAKET 1 BOCI EXTRA PEDAS + 1 TULANG RANGU + 1 SEBLAK BASRANGER INSTANT,50000.0,JMSNACKS,Bandung,50.0,4.8
SMR Paket Puas SEBLAK MAMANG RAFAEL (Beli 3 + Free 2 ) Bundling 5,100000.0,Seblak mamang rafael_NEW,Kab. Garut,100.0,4.9
Seblak Instan Kenyang Murah Asli Bandung Reseller Tanpa Pengawet,8433.0,Berkah Food Bandung,Cimahi,7000.0,4.9
seblak kencur / okesnack,10000.0,oke snack,Jakarta Selatan,1000.0,4.9
SMR Paket Puas - ( Beli 2 + Free 1 ) Bundling 3 Seblak Mamang Rafael,70000.0,Seblak mamang rafael_NEW,Kab. Garut,1000.0,4.8
Seblak Basranger Extra Pedas 200gr,17200.0,Rak Sebelah,Jakarta Pusat,250.0,4.9
(HARGA TERMURAH) seblak instan mantap,3900.0,baso aci zahra,Kab. Bandung,1000.0,4.7
[PROMO!!] BASRANGER Seblak Instant EXTRA PEDAS 200gr - seblak nikmat enak diskon termurah,14999.0,JMSNACKS,Bandung,250.0,4.9
Seblak instan isi 12 Bks Super Lengkap,31000.0,Agoeztyachya Online Shop,Kab. Garut,5.0,5.0
PAKET BUNDLING BELI 5 GRATIS 1 SEBLAK COET INSTAN VIRAL,55500.0,Rosliyanilia,Jakarta Utara,6.0,5.0
Seblak Instan Premium Bangsatria,29880.0,yayakimberly,Jakarta Barat,4.0,3.0
Seblak instant super komplit topingannya. Food Pedas,3500.0,Raja Cemilan Garut,Kab. Garut,40.0,4.5
Kylafood Paket Seblak Cup instan isi 2 PCS Pedas,33800.0,Kylafood,Bandung,10000.0,4.7
paket  usaha seblak instan 10 pcs,30879.0,Rscamil,Surabaya,100.0,5.0
"CIKEMAM - PAKET BUNDLING PAKET NYUNDA (Baso Aci, Seblak, Cingrea/ Cireng Salarea) Cuankie Cireng Chili Oil Rendang- Jajanan Khas Bandung Bawang Chili  Sambal  Instan  Kuah  Ayam  Food  Pedas  Makanan Mie Soto Asin Kaldu Kari",37900.0,Cik Emam,Cimahi,3000.0,4.7
Seblak mix/ seblak campur/ seblak pedas daun jeruk kemasan 500gr,19800.0,diseblakanid,Kab. Bandung,10000.0,4.8
Paket 7 Pack Seblak Instant CARLA,100000.0,Seblak carla,Tangerang,50.0,4.9
CIKEMAM PAKET SEBLAK isi 3 PCS Mie Pedas Food  Kuah  Instan  Noodles Makanan Ayam,37900.0,Cik Emam,Cimahi,3000.0,4.8
seblak instan paket 12 pcs / seblak instan isi 12 pcs / seblak instan paket 12 bungkus Food Noodles Pedas Mie Makanan Kuah,40000.0,Baso Aciww,Kab. Bandung,250.0,4.6
Seblak instan yoi enak dan kenyang,7500.0,SeblakYoi,Bekasi,500.0,4.9
Seblak Juara ! Seblak Instan Rasa Original,115000.0,Rasa Juara Indonesia,Kab. Bandung,2000.0,4.9
Seblak kerupuk mawar pedas 500 gram / Cemilan / Food,20000.0,Ratubasreng91,Kab. Bandung,10000.0,4.8
3 SEBLAK FREE BASO ACI,90000.0,Sajodo Snack & Food,Tasikmalaya,250.0,4.9
(5) Lima BUNGKUS SEBLAK INSTAN PAKET HEMAT BANGSATRIA Food Jajanan Alami Makanan Pedas,62880.0,TOKO BANGSATRIA,Kab.Ciamis,10000.0,4.9
PAKET SEBLAK INSTAN ISI 10pcs LEBIH MURAH,55000.0,BANDUNG SNACK CENTER.ID,Kab. Bandung,20.0,5.0
Seblak Instan Mommy Cukup Tinggal Seduh Atur Sendiri Pedasnya,14900.0,GERAISNACK.ID,Kab. Tangerang,2000.0,4.6
PAKET CUANKIE INSTAN  12 PCS HEMAT MAKANAN INSTAN Seblak,30000.0,baci lada,Kab. Bandung,100.0,4.7
Kylafood Paket 2 Seblak Cup instan Pedas + 3 Seblak Rempah Autentik,75800.0,Kylafood,Bandung,500.0,4.8
KERUPUK SEBLAK KENCUR 200GR - SEBLAK AROMA KENCUR - SEBLAK PEDAS KENCUR,11999.0,Agen Snack Murah Jaya,Jakarta Barat,250.0,5.0
Seblak Instan Abah Aceng 12 bks Mie Pedas Jajanan Sambal Food Noodles,47999.0,BociSehotOfficial,Cimahi,10000.0,4.9
Seblak Instan Paket Isi 12 Bungkus Promo Hari Ini - Mie Instan dengan Cabe Bubuk dan Bumbu Racikan  plus bumbu racikan kencur bawang Putih seblak  instan,36500.0,AdeliasnackTGR,Kab. Tangerang,750.0,4.7
"""Promo Grand Opening"" Nusaji - Seblak Baso Aci Mancaappp!!",25000.0,Nusaji,Kab. Bekasi,500.0,4.0
Kerupuk Mentah Seblak Kemasan 1KG Termurah,26200.0,Seblak Bale,Kab. Bandung,3000.0,4.8
seblak instant komplit bumbu cikruh bandung aufaro snack,5500.0,Aufaro Snack,Kab. Bandung Barat,1000.0,5.0
SMR - Seblak Mamang Rafael Pedas,25000.0,Seblak mamang rafael_NEW,Kab. Garut,6000.0,4.9
SEBLAK INSTAN KHAS BANDUNG,5500.0,NGABRET ID,Kab. Bandung,10000.0,4.4
SEBLAK INSTAN TEH DINI CIGUHA,15000.0,Seblak Instan Teh Dini Ciguha,Kab. Tasikmalaya,2000.0,4.8
Seblak Instan Chili Oil Pedas,2359.0,Toko Gemilang_NEW,Kab. Cilacap,100.0,5.0
Paket 5pcs Hayang Seblak Instan Rasa Original Pedas Gurih Organik Alami Sambel Asli (bukan bubuk),85000.0,Hayang Seblak,Kab. Cirebon,13.0,4.5
PAKET 10PCS SEBLAK INSTAN RAFAE/SEBLAK INSTAN VIRAL RAFAEL,40500.0,Rosliyanilia,Jakarta Utara,2.0,5.0
PAKET BUNDLING MANTAP - 3 SEBLAK,64974.0,Dapur Amos,Kab. Tangerang,100.0,4.9
"Mie Instan Seblak Isi 12 Bungkus - Promo Hari Ini - Bawang, Ramen, Cup, Putih",38500.0,AdeliasnackTGR,Kab. Tangerang,3000.0,4.6
PAKET MIX 6 PCS BASO ACI + 6 PCS SEBLAK SPESIAL PAKET MIX,26786.0,mamah mbi,Kab. Garut,250.0,4.3
terlaris Seblak Instan Garut 1bungkus dengan Bumbu dan Sambal Khas Pedas Kuah Bawang Noodles - Food,10000.0,SNACK OMA RR,Kab. Garut,50000.0,4.6
SEBLAK INSTANT TERMURAH,4450.0,Pusat Cuankie &amp; Cemilan Frozen,Jakarta Timur,10000.0,4.8
SMR - Seblak Kuah Bundling 5,100000.0,Seblak mamang rafael_NEW,Kab. Garut,100.0,5.0
PROMO 3 PCS SEBLAK JUARA SEMUA VARIAN HARGA SPESIAL Food Pedas,66000.0,Rasa Juara Indonesia_NEW,Kab. Bandung,100.0,4.9
Seblak Kerupuk Campur 1KG - Snack Makanan - Food,40000.0,Ratubasreng91,Kab. Bandung,10000.0,4.7
[BARU] Makanan Seblak Instan Ekonomis Dengan Variasi Toping Enak Berkualitas,8500.0,Better Land,Kab. Bogor,15.0,3.0
Kerupuk Mentah 250gr Seblak Mentah,7000.0,tokorara1,Surabaya,1000.0,4.9
seblak instan jeletot jajanan hits bandung 1 porsi,4180.0,tokomakanankalimantan,Jakarta Barat,2000.0,4.8
Marenta PAKET 3PCS SEBLAK COET Cobek Cocol Pedas Viral Mamang Rafael Instan Kerupuk Mawar Food Noodles Goreng Mie,46500.0,Warung Marenta,Cimahi,3000.0,4.8
SEBLAK KRUPUK MIX KRUPUK SEBLAK CAMPUR PEDAS DAUN JERUK ISIAN KRUPUK BETON BAWANG JENGKOL MAKRONI PEDO MAWAR,17000.0,snack gaspol,Jakarta Barat,50.0,5.0
1kg- seblak kencur kering extra pedas Food Makanan,39999.0,jaya makmur 2,Kab. Gresik,10000.0,4.6
Seblak Instan Basranger Extra Pedas Khas Bandung,19900.0,GERAISNACK.ID,Kab. Tangerang,100.0,4.9
1 BKS SEBLAK KEMPLANG KERUPUK JADOEL INSTAN FOOD MAKANAN PEDAS Jajanan grosir gratis ongkir Rp.0 - GST,5999.0,GUDANG SNACK TGR,Kab. Tangerang,2000.0,4.7
Rasa Juara Seblak Original Instan | Seblak Juara Original 130gr,19635.0,Wu Meyers Official Shop,Surabaya,40.0,5.0
PROMO !!!! Seblak Instan Beli 20 free 1 Murah Enak,4180.0,ivy's-kitchen,Kab. Cirebon,750.0,4.7
Seblak Gahoel Baleendah Instant Termurah Food Kuah,21000.0,Seblak Gahoel,Kab. Bandung,50.0,5.0
Seblak kerupuk mix original daun jeruk kemasan 1kg,36500.0,diseblakanid,Kab. Bandung,250.0,4.6
paket (10 bungkus) seblak instan enak dan gurih Kuah,25300.0,wadah snack,Kab. Garut,80.0,4.7
Seblak instant komplit lengkap dengan bumbu,10000.0,frozzyoyshop,Depok,500.0,4.8
BUNDLING Seblak Instan JAMUR SALJU Bang Satria (Isi 2) - Pedas - Food,32500.0,TOKO BANGSATRIA,Kab.Ciamis,500.0,4.9
PAKET 10 PCS SEBLAK INSTAN GURIH PEDAS Food,39600.0,SembakoOnlins,Tasikmalaya,11.0,3.5
Seblak mix/seblak campur/ seblak pedas daun jeruk kemasan 1kg,38900.0,diseblakanid,Kab. Bandung,10000.0,4.8
"SEBLAK CAMPUR/MIX (jaat,jengkol,rafael,sebring,makroni,basreng) 1kg DAN 500GRAM Pedas",44500.0,PEMUDASEBLAK,Kab. Garut,10000.0,4.8
seblakk isi 6; bungkus paket lengkap seblak instant,18000.0,diasriyadi gorden,Kab. Bandung,8.0,3.0
